{"cameraMode":{"drawMode":0,"name":"Shaded","section":"Shading Mode"},"sceneLighting":true,"audioPlay":false,"sceneViewState":{"showFog":true,"showMaterialUpdate":false,"showSkybox":true,"showFlares":true,"showImageEffects":true,"showParticleSystems":true},"in2DMode":false,"pivot":{"x":-3.721242904663086,"y":-1.8816596269607545,"z":-3.9359331130981447},"rotation":{"x":-0.08239509910345078,"y":0.9026104807853699,"z":-0.1997663825750351,"w":-0.37228846549987795},"size":10.0,"orthographic":false}